id,conversation_id,created_at,date,time,timezone,user_id,username,name,place,tweet,language,mentions,urls,photos,replies_count,retweets_count,likes_count,hashtags,cashtags,link,retweet,quote_url,video,thumbnail,near,geo,source,user_rt_id,user_rt,retweet_id,reply_to,retweet_date,translate,trans_src,trans_dest
1398437418768818176,1398437418768818176,2021-05-29 06:18:57 +0545,2021-05-29,06:18:57,+0545,1476769400,dendikapan,CDCA Kapan,,à¤¶à¥à¤­ à¤¬à¤¿à¤¹à¤¾à¤¨à¥€ â˜•ï¸â˜•ï¸ à¤¶à¥à¤­à¤¦à¤¿à¤¨à¤•à¤¾à¥‡ à¤•à¤¾à¤®à¤¨à¤¾ğŸ™ğŸ˜·ğŸ‘ŒğŸ‡³ğŸ‡µğŸ’ Hopefully we can get better situation ğŸ™  https://t.co/O5MU4ihG6v,und,[],[],['https://pbs.twimg.com/media/E2g_arKVIAICW-d.jpg'],0,0,3,[],[],https://twitter.com/DendiKapan/status/1398437418768818176,False,,1,https://pbs.twimg.com/media/E2g_arKVIAICW-d.jpg,kathmandu,,,,,,[],,,,
1393381303278456832,1393381303278456832,2021-05-15 07:27:45 +0545,2021-05-15,07:27:45,+0545,4373668604,birucr7,ğŸ‡³ğŸ‡µğŸ‡³ğŸ‡µà¤¬à¤¿à¤°à¥‡à¤¨à¥à¤¦à¥à¤° à¤°à¤¾à¤œà¤¾ (CR7),,"Good morning cool people on Twitter. Have a great saturday full of good vibes, smiles, lots of energy and strenght. Stay safe and well wherever you're in this wonderful placeâœŒï¸ğŸ¤ŸğŸ¤˜ğŸŒğŸ˜· #GoodMorning",en,[],[],[],0,1,5,['goodmorning'],[],https://twitter.com/BiruCR7/status/1393381303278456832,False,,0,,kathmandu,,,,,,[],,,,
1390992686367260673,1390992686367260673,2021-05-08 17:16:14 +0545,2021-05-08,17:16:14,+0545,1130972117434978305,deeplovesaud08,à¤¡à¤¿à¤ªà¥à¤²à¤µ à¤¸à¤¾à¤‰à¤à¤¦,"{'type': 'Point', 'coordinates': [27.713776, 85.310244]}","à¤®à¤¾à¤•à¥à¤¸ ğŸ˜· à¤²à¤—à¤¾à¤‰à¤¨à¥à¤¹à¥‹à¤¸à¥ à¤¹à¥ˆ à¤¸à¤¬à¥ˆ à¤œà¤¨à¤¾à¤²à¥‡ à¤¨à¤¤à¥à¤° à¤¸à¤¿à¤¤à¥à¤¤à¥ˆà¤®à¤¾ à¤ªà¤¾à¤‡à¤¨à¥‡ à¤¸à¤¾à¤¸ à¤ªà¤¨à¤¿  à¤ªà¥ˆà¤¸à¤¾à¤²à¥‡ à¤•à¤¿à¤¨à¥‡à¤° à¤«à¥‡à¤°à¥à¤¨à¥à¤ªà¤°à¥à¤²à¤¾ ğŸ™„ğŸ™„ @ Kathmandu, Nepal  https://t.co/D3TmWpH3wt",ne,[],['https://www.instagram.com/p/COnEGW6DWYE/?igshid=26z1buwaax3n'],[],0,0,1,[],[],https://twitter.com/deeplovesaud08/status/1390992686367260673,False,,0,,kathmandu,,,,,,[],,,,
1390833579362373634,1390833579362373634,2021-05-08 06:44:00 +0545,2021-05-08,06:44:00,+0545,74103624,bipendraa,Bipendra,,"à¤à¤• à¤²à¤¾à¤–à¤•à¥‹ à¤¸à¤¾à¤‡à¤•à¤²à¤®à¤¾ à¤¸à¤¯ à¤°à¥à¤ªà¥ˆà¤¯à¤¾à¤à¤•à¥‹ à¤¬à¥‹à¤¤à¤² à¤°à¤¾à¤–à¥à¤¨ à¤¨à¤¸à¤•à¥à¤¨à¥‡à¤²à¤¾à¤ˆ à¤•à¥‡ à¤­à¤¨à¥Œà¤‚ à¤° à¤–à¥ˆ !   à¤¸à¤¾à¤‡à¤•à¤²à¤²à¥‡ à¤ªà¥à¤°à¤¦à¥‚à¤·à¤£ à¤˜à¤Ÿà¤¾à¤‰à¤¨à¥‡, à¤¬à¥‹à¤¤à¤²à¤²à¥‡ à¤¬à¤¢à¤¾à¤‰à¤¨à¥‡ ğŸ˜·  https://t.co/nuwWFO627p",ne,[],[],['https://pbs.twimg.com/media/E007wsWVEAMk7EE.jpg'],9,2,73,[],[],https://twitter.com/Bipendraa/status/1390833579362373634,False,,1,https://pbs.twimg.com/media/E007wsWVEAMk7EE.jpg,kathmandu,,,,,,[],,,,
1388132483481358338,1388132483481358338,2021-04-30 19:50:48 +0545,2021-04-30,19:50:48,+0545,280033501,yoursmilan,MILAN ARYAL,"{'type': 'Point', 'coordinates': [27.7104753, 85.31883428]}",à¤¦à¥‹à¤¶à¥à¤°à¥‹ à¤²à¤•à¤¡à¤¾à¤‰à¤¨à¤•à¥‹ à¤ªà¤¹à¤¿à¤²à¥‹ à¤¦à¤¿à¤¨ à¤¹à¤¿à¤œà¥‹ à¤®à¥ˆà¤²à¥‡ à¤–à¤¿à¤šà¥‡à¤•à¤¾ à¤•à¥‡à¤¹à¤¿ à¤¤à¤¸à¥à¤¬à¤¿à¤°à¤¹à¤°à¥ à¥¤  #à¤¬à¤¿à¤¹à¤¿à¤µà¤¾à¤° #Mero LifeStyle #staysafe #wearmaskğŸ˜· @ Kingsway Kathmandu  https://t.co/ZlKCvq9YtU,ne,[],['https://www.instagram.com/p/COSvbbVHK9x/?igshid=hegpi23wn80b'],[],0,0,0,"['à¤¬à¤¿à¤¹à¤¿à¤µà¤¾à¤°', 'mero', 'staysafe', 'wearmask']",[],https://twitter.com/yoursmilan/status/1388132483481358338,False,,0,,kathmandu,,,,,,[],,,,
1385113450607611910,1385113450607611910,2021-04-22 11:54:15 +0545,2021-04-22,11:54:15,+0545,235047097,cambo_19,Ryan Campbell,"{'type': 'Point', 'coordinates': [27.713776, 85.310244]}","Coaching in the new â€œeraâ€...ğŸ˜·ğŸ¤·ğŸ»â€â™‚ï¸ğŸ¤¨ @ Kathmandu, Nepal  https://t.co/DQFFNOMUnf",en,[],['https://www.instagram.com/p/CN9SiEejNE9/?igshid=19ov3wir6nvzu'],[],1,2,20,[],[],https://twitter.com/cambo_19/status/1385113450607611910,False,,0,,kathmandu,,,,,,[],,,,
1376154963643039748,1376154963643039748,2021-03-28 18:36:25 +0545,2021-03-28,18:36:25,+0545,816878802852843520,surya3752,à¸à¹à¹à¹à¹à¹à¹à¹à¹à¹à¹à¹à¹à¹à¹à¹à¹à¹à¹à¹à¹SuryağŸ˜·ğŸ˜œğŸ¤—,,@gbudhathoki à¤à¤• à¤…à¤ªà¥€à¤² à¤—à¤°à¥à¤¦à¥‡ à¤®à¥ˆà¤²à¥‡à¤¨à¥€ ğŸ˜ğŸ‰ğŸ˜·  https://t.co/5wlUILBjtW,ne,[],[],['https://pbs.twimg.com/media/ExkVpUiVIAMB4wZ.jpg'],0,1,4,[],[],https://twitter.com/Surya3752/status/1376154963643039748,False,,1,https://pbs.twimg.com/media/ExkVpUiVIAMB4wZ.jpg,kathmandu,,,,,,[],,,,
1327973105428434950,1327973105428434950,2020-11-15 19:38:55 +0545,2020-11-15,19:38:55,+0545,1385478276,pandavrajesh,Dr Rajesh Pandav,,"Beautiful senset - #Nepal  We are #InThisTogether to beat #COVID19  Here are 5âƒ£ tips that help you stay safe to protect yourself and others: ğŸ™Œ clean hands ğŸ˜· wear a mask ğŸ“ stay distant ğŸ¤§ cough, sneeze safely ğŸªŸ open windows  ğŸ‘‰  https://t.co/BSTOvsyc3Y  https://t.co/HpqCCZeeXO",en,[],['http://bit.ly/2u1Ybvr'],['https://pbs.twimg.com/media/Em3ogEVVoAEkRpG.jpg'],0,1,6,"['nepal', 'inthistogether', 'covid19']",[],https://twitter.com/PandavRajesh/status/1327973105428434950,False,,1,https://pbs.twimg.com/media/Em3ogEVVoAEkRpG.jpg,kathmandu,,,,,,[],,,,
1325818547533049858,1325818547533049858,2020-11-09 20:57:28 +0545,2020-11-09,20:57:28,+0545,1385478276,pandavrajesh,Dr Rajesh Pandav,,"Good evening! Stay safe &amp; healthy during #COVID19  ğŸ™ŒMaintain clean hands  ğŸ˜·Wear a mask  ğŸ§ğŸ½â€â™€ï¸â†”ï¸ğŸ§ğŸ½â€â™‚ï¸Physical distancing  ğŸ¤­Avoid touching your face  ğŸ If unwell, stay home  ğŸ¤§Cover your coughs &amp; sneeze with a bent elbow or a tissue  ğŸ¥µIf you show any symptoms, seek medical attention  https://t.co/sqy4RtqtFb",en,[],[],"['https://pbs.twimg.com/media/EmZA6KLVkAELOHg.jpg', 'https://pbs.twimg.com/media/EmZA66VU0AAeU9G.jpg', 'https://pbs.twimg.com/media/EmZA7mqVgAAj8kp.jpg', 'https://pbs.twimg.com/media/EmZA8NYUYAIX8Yw.jpg']",0,1,3,['covid19'],[],https://twitter.com/PandavRajesh/status/1325818547533049858,False,,1,https://pbs.twimg.com/media/EmZA6KLVkAELOHg.jpg,kathmandu,,,,,,[],,,,
1318898718456696833,1318898718456696833,2020-10-21 18:40:33 +0545,2020-10-21,18:40:33,+0545,429069896,okeke_masimba,okeke oyono masimba,"{'type': 'Point', 'coordinates': [27.68766208, 85.34309716]}","WakikupondağŸ—£NyamazağŸ˜·Lazima UwakereğŸ˜¡Watu Ukianza ""Kufanya"" MamboğŸ‘MazuriğŸ‘Kama Jambo Unalofanya Halina ChangamotoğŸ˜“Basi Kuna Kitu UnakoseağŸ¤¦â€â™‚ï¸ #TheHeartâ£ï¸OfCetralğŸŒAfricaâš½ğŸ’ª #MunguNaWanadamğŸ™ğŸ™ #HustleNoğŸŒLimitğŸ‘£  https://t.co/l22vAU79yS",in,[],['https://www.instagram.com/p/CCQVB0QAOca/?igshid=rwyjis2mgnnh'],[],0,0,0,"['theheart', 'mungunawanadam', 'hustleno']",[],https://twitter.com/okeke_masimba/status/1318898718456696833,False,,0,,kathmandu,,,,,,[],,,,
1305555139642748929,1305555139642748929,2020-09-14 22:57:55 +0545,2020-09-14,22:57:55,+0545,168574066,milanmanandhar,Milan Manandhar,"{'type': 'Point', 'coordinates': [27.67219081, 85.42845368]}",Please take me back to the time when I could wear a smile instead of a mask in my face... ğŸ˜ŠğŸ˜· ğŸ“¸ @sleshamaharjan #tb #ghumante #gocoronago @ Bhaktapur Durbar Square  https://t.co/iKoZVgKpaX,en,[],['https://www.instagram.com/p/CFH_mZZhKA2S4kJ3lbOPSf2ekjOUie7UTuDIUI0/?igshid=k4uz6zqoqewy'],[],0,0,0,"['tb', 'ghumante', 'gocoronago']",[],https://twitter.com/milanmanandhar/status/1305555139642748929,False,,0,,kathmandu,,,,,,[],,,,
1299974818398339076,1299974818398339076,2020-08-30 13:23:43 +0545,2020-08-30,13:23:43,+0545,4709639323,marasinisimant,Cmant MarasiniğŸ‡³ğŸ‡µ,"{'type': 'Point', 'coordinates': [27.713776, 85.310244]}","à¤¬à¤¡à¥‹ à¤¸à¤®à¥à¤¹à¤¾à¤²à¤¿à¤à¤° à¤¹à¤¿à¤¡à¥à¤¨à¥ à¤ªà¤°à¥à¤› à¤¯à¥‹ à¤¸à¤¹à¤°à¤®à¤¾  à¤²à¤¡à¤¾à¤à¤° à¤¸à¥‹à¤§à¥à¤¨à¥‡ à¤—à¤°à¥à¤›à¤¨à¥  à¤•à¤¤à¥ˆ à¤šà¥‹à¤Ÿ à¤¤ à¤²à¤¾à¤—à¥‡à¤¨? ğŸ˜·ğŸ˜·á¥´êª‘êª–êª€ğ•¥ğŸ˜·ğŸ˜· @ Kathmandu, Nepal  https://t.co/tKLWSOa1fT",ne,[],['https://www.instagram.com/p/CEgV9yHFvs-5eODKLNBYc_30OAW27z4yqV_iLI0/?igshid=14fuwgofbioo4'],[],0,0,2,[],[],https://twitter.com/MarasiniSimant/status/1299974818398339076,False,,0,,kathmandu,,,,,,[],,,,
1299543343060246529,1299543343060246529,2020-08-29 08:49:11 +0545,2020-08-29,08:49:11,+0545,177907502,dilip_singh556,Dilip Singh,"{'type': 'Point', 'coordinates': [27.6886292, 85.3593979]}",Good morning !!  #morningtimeğŸŒâœ¨â¤ï¸ #suffocation #maskyearğŸ˜· @ Sinamangal  https://t.co/NS3kAkackv,tl,[],['https://www.instagram.com/p/CEdRwKmFnuTiLIa8-KjKbUCeomqZ3--QrqJnW80/?igshid=1iknszk6lulix'],[],0,0,0,"['morningtime', 'suffocation', 'maskyear']",[],https://twitter.com/dilip_singh556/status/1299543343060246529,False,,0,,kathmandu,,,,,,[],,,,
1295624758856278017,1295624758856278017,2020-08-18 13:18:08 +0545,2020-08-18,13:18:08,+0545,4709639323,marasinisimant,Cmant MarasiniğŸ‡³ğŸ‡µ,"{'type': 'Point', 'coordinates': [27.713776, 85.310244]}","à¤¯à¤¹à¤¾à¤ à¤¸à¥à¤¨à¥à¤¦à¤°à¥à¤¤à¤¾ à¤¸à¥à¤¨à¤•à¤¾à¥‡ à¤¦à¤°à¤®à¤¾ à¤¬à¤¿à¤•à¤¨à¥‡ à¤—à¤°à¥à¤› !  à¤®à¤¾à¤¨à¤¿à¤¸à¤¹à¤°à¥ à¤†à¤šà¤°à¤£ à¤­à¤¨à¥à¤¦à¤¾ à¤¦à¤¾à¤°à¥€à¤®à¤¾ à¤«à¤¿à¤¦à¤¾ à¤¹à¥à¤¨à¥‡ à¤—à¤°à¥à¤›à¤¨à¥ !! ğŸ˜‰ğŸ˜· @ Kathmandu, Nepal  https://t.co/eOnAHbMJKC",ne,[],['https://www.instagram.com/p/CEBbybIF7wMgbSEI4QWDVQaOsdOpCbN_aE3nUs0/?igshid=1iufrqu4a68vc'],[],0,0,2,[],[],https://twitter.com/MarasiniSimant/status/1295624758856278017,False,,0,,kathmandu,,,,,,[],,,,
1291934444291371008,1291934444291371008,2020-08-08 08:54:09 +0545,2020-08-08,08:54:09,+0545,2356242829,smilinglxu,Laxmi Khadka,,à¤§à¥‹à¤¯à¤°à¥ˆ à¤šà¤²à¤¾à¤‰à¤¨à¥ à¤ªà¤°à¥à¤¯à¤¾ à¤›ğŸ˜ŠğŸ˜‚ğŸ˜·  https://t.co/JDpmg6qJUZ,ne,[],[],[],2,0,10,[],[],https://twitter.com/SmilingLxu/status/1291934444291371008,False,,1,https://pbs.twimg.com/ext_tw_video_thumb/1291934396396613642/pu/img/gjp3LMRTYTy1uJrH.jpg,kathmandu,,,,,,[],,,,
1286866802258194433,1286866802258194433,2020-07-25 09:17:09 +0545,2020-07-25,09:17:09,+0545,2496883086,sewaadentalhome,à¤¦à¤¨à¥à¤¤ à¤µà¤¿à¤­à¤¾à¤—,"{'type': 'Point', 'coordinates': [27.67132378, 85.42237043]}",#saturdayvibes #sewaadentalhome #016610002 #n95facemask #n95nepal #ppe #ppenepal #ğŸ˜· @ Sewaa dental home  https://t.co/ETq9kyVy5k,es,[],['https://www.instagram.com/p/CDDNFiYpFxh/?igshid=18xrv6zlxke88'],[],0,0,0,"['saturdayvibes', 'sewaadentalhome', 'n95facemask', 'n95nepal', 'ppe', 'ppenepal']",[],https://twitter.com/Sewaadentalhome/status/1286866802258194433,False,,0,,kathmandu,,,,,,[],,,,
1285192811751538688,1285192811751538688,2020-07-20 18:25:18 +0545,2020-07-20,18:25:18,+0545,3238160825,chip_nielsen,Jacob Chip Nielsen,"{'type': 'Point', 'coordinates': [27.713776, 85.310244]}","Great to have students back on campus for Summer Launch! Little ğŸš‚ that can! ğŸ˜· â¬†ï¸ #blendedlearning @ Kathmandu, Nepal  https://t.co/8ZxoDrGS9N",en,[],['https://www.instagram.com/p/CC3T4xmhefl/?igshid=1dbn7botpco9r'],[],0,0,1,['blendedlearning'],[],https://twitter.com/chip_nielsen/status/1285192811751538688,False,,0,,kathmandu,,,,,,[],,,,
1282048438088216581,1282048438088216581,2020-07-12 02:10:41 +0545,2020-07-12,02:10:41,+0545,16590792,djcowboy,DjCowboy,"{'type': 'Point', 'coordinates': [27.72071167, 85.30698649]}",Well You Should And Do It Often...Just Sayin ğŸ˜ğŸ¤ ğŸ˜·ğŸ¤”ğŸ¤© @ Some Where under the Blue Sky  https://t.co/CHGxNKVgbz,en,[],['https://www.instagram.com/p/CCg9_cUhZYG/?igshid=1acwgexo962yw'],[],0,0,0,[],[],https://twitter.com/DjCowboy/status/1282048438088216581,False,,0,,kathmandu,,,,,,[],,,,
1277208376376606722,1277208376376606722,2020-06-28 17:38:00 +0545,2020-06-28,17:38:00,+0545,1351329811,guidetonepal1,Rajendra (Raj) Thapa,,Clear sky and Kathmandu valley after heavy #rain. ğŸ™ğŸ˜·ğŸ” #moonsoon #WeatherUpdate #kathmanduweather #Nepal  https://t.co/LzNPPHnOQH,en,[],[],[],0,0,1,"['rain', 'moonsoon', 'weatherupdate', 'kathmanduweather', 'nepal']",[],https://twitter.com/guidetonepal1/status/1277208376376606722,False,,1,https://pbs.twimg.com/ext_tw_video_thumb/1277208275943972866/pu/img/mWv5ARgW5fpfnv2C.jpg,kathmandu,,,,,,[],,,,
1265770339683966982,1265770339683966982,2020-05-28 04:07:20 +0545,2020-05-28,04:07:20,+0545,3158836955,whoislaanii,LÃ„Ã„NÃÃ ğŸ‘,"{'type': 'Point', 'coordinates': [27.7138, 85.3102]}","ğŸ˜·ğŸ˜·ğŸ˜·True wealth is Knowledge, The Media is misleading you...... ğŸ“µ @Laah_n999 @ 999  https://t.co/d1me8xRka2",en,[],['https://www.instagram.com/p/CAtTkaUpTBV/?igshid=1cveskotqv13o'],[],0,0,0,[],[],https://twitter.com/whoislaanii/status/1265770339683966982,False,,0,,kathmandu,,,,,,[],,,,
1252982955791863809,1252982955791863809,2020-04-22 21:14:50 +0545,2020-04-22,21:14:50,+0545,757387398896558080,nepalistanton26,Pitar Makaju,"{'type': 'Point', 'coordinates': [27.70431334, 85.33370632]}",Stay safe ğŸ˜·  Stay healthy ğŸ’ª @ Maitidevi  https://t.co/IEUkS9eSr7,en,[],['https://www.instagram.com/p/B_Scik2jXqD/?igshid=1jwd99w0yjfqn'],[],0,0,0,[],[],https://twitter.com/NepaliStanton26/status/1252982955791863809,False,,0,,kathmandu,,,,,,[],,,,
1245412683098345473,1245412683098345473,2020-04-01 23:53:16 +0545,2020-04-01,23:53:16,+0545,198064706,raisin_89,Rashmi A,"{'type': 'Point', 'coordinates': [27.713776, 85.310244]}",#thebestselfie#2019#home#visitnepal#vacation#gettother#cousins#love#missing#memories#nepal#nostalgiclife #quaratinelifeğŸ˜· #quarentena#lockdown2020#mequedoencasa   Life is all about good memories. This vacation was myâ€¦  https://t.co/vD8SpJBktU,en,[],['https://www.instagram.com/p/B-cp-RuqH8l/?igshid=10euydf3dknwj'],[],0,0,0,['quaratinelife'],[],https://twitter.com/Raisin_89/status/1245412683098345473,False,,0,,kathmandu,,,,,,[],,,,
1244949604333793280,1244949604333793280,2020-03-31 17:13:10 +0545,2020-03-31,17:13:10,+0545,198064706,raisin_89,Rashmi A,"{'type': 'Point', 'coordinates': [27.713776, 85.310244]}",#the BEST SELFIES 2019# home#visitnepal#nepal#gettogether#cousin#beautiful#people#love#missing #everyone #organise #photos#nostalgic#quarantinelifeğŸ˜· #lockdown2020 #staysafe #quarentena#mequedoencasa  Today isâ€¦  https://t.co/3Xo0pgE7qA,en,[],['https://www.instagram.com/p/B-ZXY2iq5OB/?igshid=pvf0o34ssgjn'],[],0,0,0,"['the', 'everyone', 'organise', 'lockdown2020', 'staysafe']",[],https://twitter.com/Raisin_89/status/1244949604333793280,False,,0,,kathmandu,,,,,,[],,,,
1244887457910448128,1244887457910448128,2020-03-31 13:06:13 +0545,2020-03-31,13:06:13,+0545,965418132310405120,rrawbeen,Raw Been,"{'type': 'Point', 'coordinates': [27.713776, 85.310244]}",Home quarantine be like ğŸ¤£ğŸ¤£ğŸ¤£  #quarantine #covid_19 #coronamemes #coronaeffectğŸ˜· #stayinghome #staysafe #like4likes #share #likeforlikes #likeplease #please #pleaselike #followers #followme #followforfollowback #ğŸ¤£ @â€¦  https://t.co/3Gtc0TbIKX,en,[],['https://www.instagram.com/p/B-Y7EuEl6Wo/?igshid=19gc40wowxyry'],[],0,0,0,"['quarantine', 'covid_19', 'coronamemes', 'coronaeffect', 'stayinghome', 'staysafe', 'like4likes', 'share', 'likeforlikes', 'likeplease', 'please', 'pleaselike', 'followers', 'followme', 'followforfollowback']",[],https://twitter.com/rrawbeen/status/1244887457910448128,False,,0,,kathmandu,,,,,,[],,,,
1244502466927837185,1244502466927837185,2020-03-30 11:36:24 +0545,2020-03-30,11:36:24,+0545,1235156720470482944,suraj_lmc,suraj lamichhane,,à¤šà¤¾à¥ˆà¤¤à¤¾à¤°à¥€à¤•à¤¾à¥‡ à¤¬à¤°à¥¤ à¤˜à¤°à¤®à¥ˆ à¤¬à¤¸à¥à¤¨à¥‡ à¤—à¤° à¥¤ à¤¨à¤œà¤¾à¤‰ à¤ªà¤° à¤ªà¤° à¥¤ à¤•à¤¾à¥‡à¤°à¤¾à¥‡à¤¨à¤¾à¤•à¤¾à¥‡ à¤¡à¤°à¥¤ #à¤˜à¤°à¤®à¥ˆ_à¤¬à¤¸à¤®_à¤¹à¥ˆ_à¤¸à¤¾à¤¥à¤¿à¤¹à¤°à¥  ğŸ‘‰ï¸ğŸ˜·ğŸ¤§ğŸ¤’ğŸ¤•ğŸ˜·ğŸ‘ˆï¸,ne,[],[],[],0,0,2,['à¤˜à¤°à¤®à¥ˆ_à¤¬à¤¸à¤®_à¤¹à¥ˆ_à¤¸à¤¾à¤¥à¤¿à¤¹à¤°à¥'],[],https://twitter.com/suraj_lmc/status/1244502466927837185,False,,0,,kathmandu,,,,,,[],,,,
1243130666163855361,1243130666163855361,2020-03-26 16:45:21 +0545,2020-03-26,16:45:21,+0545,736222793029668864,princeromeoaj,PrÄ«nce RÃ¸mÉ™Ã¸ Aj â€¢â€¢ğŸ‡³ğŸ‡µ,"{'type': 'Point', 'coordinates': [27.69092864, 85.3653552]}",à¤¤à¥‡à¤°à¥€ à¤¯à¤¾à¤¦ à¤† à¤°à¤¹à¥€ à¤¹à¥ˆ--ğŸ˜·    Effects of COVID-19 Follow on --(@PrinceRomeoAj) #princeromeoaj @ Chicken Station  https://t.co/yYBgnm6XI4,und,"[{'screen_name': 'princeromeoaj', 'name': 'prÄ«nce rÃ¸mÉ™Ã¸ aj â€¢â€¢ğŸ‡³ğŸ‡µ', 'id': '736222793029668864'}]",['https://www.instagram.com/p/B-McPHuF4iX/?igshid=3xu9yt2tl82b'],[],0,0,0,['princeromeoaj'],[],https://twitter.com/PrinceRomeoAj/status/1243130666163855361,False,,0,,kathmandu,,,,,,[],,,,
1242715032816734209,1242715032816734209,2020-03-25 13:13:47 +0545,2020-03-25,13:13:47,+0545,736222793029668864,princeromeoaj,PrÄ«nce RÃ¸mÉ™Ã¸ Aj â€¢â€¢ğŸ‡³ğŸ‡µ,"{'type': 'Point', 'coordinates': [27.68202861, 85.33367915]}",Fight Against COVID-19 --ğŸ˜·    Stay at home--ğŸ¤« Follow on --(@PrinceRomeoAj) #princeromeoaj @ At Home  https://t.co/KaoEuI8HbT,en,"[{'screen_name': 'princeromeoaj', 'name': 'prÄ«nce rÃ¸mÉ™Ã¸ aj â€¢â€¢ğŸ‡³ğŸ‡µ', 'id': '736222793029668864'}]",['https://www.instagram.com/p/B-JfOorFuyE/?igshid=6t8w99s8u49r'],[],0,0,0,['princeromeoaj'],[],https://twitter.com/PrinceRomeoAj/status/1242715032816734209,False,,0,,kathmandu,,,,,,[],,,,
1242714890340569088,1242714890340569088,2020-03-25 13:13:13 +0545,2020-03-25,13:13:13,+0545,736222793029668864,princeromeoaj,PrÄ«nce RÃ¸mÉ™Ã¸ Aj â€¢â€¢ğŸ‡³ğŸ‡µ,"{'type': 'Point', 'coordinates': [27.71215411, 85.30433541]}","COVID-19--ğŸ˜·ğŸ¤ğŸ˜·     Stay At Home--ğŸ¤« Stay Safe--ğŸ˜· Follow on --(@PrinceRomeoAj) #princeromeoaj @ Biratnagar, Nepal  https://t.co/YlNedNMsug",en,"[{'screen_name': 'princeromeoaj', 'name': 'prÄ«nce rÃ¸mÉ™Ã¸ aj â€¢â€¢ğŸ‡³ğŸ‡µ', 'id': '736222793029668864'}]",['https://www.instagram.com/p/B-JfFFyFODb/?igshid=1vxp4mmklp2k9'],[],0,0,0,['princeromeoaj'],[],https://twitter.com/PrinceRomeoAj/status/1242714890340569088,False,,0,,kathmandu,,,,,,[],,,,
1241948959704154112,1241948959704154112,2020-03-23 10:29:40 +0545,2020-03-23,10:29:40,+0545,753291464440852480,mamtabhattarai_,mamata bhattarai,"{'type': 'Point', 'coordinates': [27.67306259, 85.32571971]}",#coronaeffectğŸ˜·  #staysafe @ Patan Durbar Square  https://t.co/pmNm1ZjMxc,in,[],['https://www.instagram.com/p/B-EC3GRF10Aw8LyvNZ0oNBJea7sV-SBwt9ESkA0/?igshid=82cwpz8zjcia'],[],0,0,3,"['coronaeffect', 'staysafe']",[],https://twitter.com/mamtabhattarai_/status/1241948959704154112,False,,0,,kathmandu,,,,,,[],,,,
1238873354557218816,1238873354557218816,2020-03-14 22:48:19 +0545,2020-03-14,22:48:19,+0545,1542305431,rtripathinp,Rajesh,,Itâ€™s party oâ€™clock ğŸ˜·  https://t.co/Hgf5dozIVg,en,[],[],['https://pbs.twimg.com/media/ETFcvI_UwAA7Krc.jpg'],0,0,0,[],[],https://twitter.com/rtripathinp/status/1238873354557218816,False,,1,https://pbs.twimg.com/media/ETFcvI_UwAA7Krc.jpg,kathmandu,,,,,,[],,,,
1238747136164081664,1238747136164081664,2020-03-14 14:26:46 +0545,2020-03-14,14:26:46,+0545,429069896,okeke_masimba,okeke oyono masimba,"{'type': 'Point', 'coordinates': [27.71144159, 85.31228548]}",JASHOğŸ˜°MUAMINIFUğŸ™Amini Kuwa WatuğŸ‘¥Wengi Wanaweza KukusalitiğŸ—£ï¸Marafiki Na NdugğŸ‘«Ukiwa Na Bahati MbayağŸ˜¤Hata WazaziğŸ‘¨ğŸ‘©Wanaweza KukusalitiğŸ˜Lakini JashoğŸ˜“Lako HaliweziğŸ˜°KukusalitiğŸ˜·Unapotoka JashoğŸ˜¤Nalo HujiandikiağŸ“Deni #hustleâ€¦  https://t.co/T1oa43KVPB,in,[],['https://www.instagram.com/p/B9tNy_NgPf2/?igshid=s4ysmzj0fa5y'],[],0,0,0,['hustle'],[],https://twitter.com/okeke_masimba/status/1238747136164081664,False,,0,,kathmandu,,,,,,[],,,,
1229045709409837058,1229045709409837058,2020-02-16 19:56:46 +0545,2020-02-16,19:56:46,+0545,2496883086,sewaadentalhome,à¤¦à¤¨à¥à¤¤ à¤µà¤¿à¤­à¤¾à¤—,"{'type': 'Point', 'coordinates': [27.67132378, 85.42237043]}",Trust meğŸ˜· Beast Really Exist âœŠ @ Sewaa dental home  https://t.co/TShCaItphp,en,[],['https://www.instagram.com/p/B8oXIwHJjMm/?igshid=u858w7v23a36'],[],0,0,0,[],[],https://twitter.com/Sewaadentalhome/status/1229045709409837058,False,,0,,kathmandu,,,,,,[],,,,
1224376876271046657,1224376876271046657,2020-02-03 22:44:29 +0545,2020-02-03,22:44:29,+0545,935342493482172417,docstorynepal,Doctorstory Nepal-à¤¸à¥‡à¤µà¤¾ à¤¨à¥ˆ à¤§à¤°à¥à¤® à¤¹à¥‹l,"{'type': 'Point', 'coordinates': [27.7039112, 85.3229538]}",Choro lae Doctor ğŸ‘¨â€âš•ï¸ ki Engineer ğŸ‘©â€ğŸ’» Tag your friends ğŸ‘‡ğŸ‘‡ğŸ‘‡ğŸ‘‡ğŸ‘‡ğŸ‘‡. Sab le buje ko ra bujh pacha ko kura. ğŸ˜…General public also know we are underpaid. ğŸ˜·  via-comedychampion/DSON #doctor_story_nepal #nepal #himalayaâ€¦  https://t.co/OuMYgXLy5U,en,[],['https://www.instagram.com/p/B8HLZBiJowR/?igshid=1cbsq9suhqupm'],[],0,0,2,"['doctor_story_nepal', 'nepal', 'himalaya']",[],https://twitter.com/DocstoryNepal/status/1224376876271046657,False,,0,,kathmandu,,,,,,[],,,,
1202266378570518528,1202266378570518528,2019-12-04 22:25:16 +0545,2019-12-04,22:25:16,+0545,429069896,okeke_masimba,okeke oyono masimba,"{'type': 'Point', 'coordinates': [27.67705115, 85.33393346]}","â€œPainğŸ’˜""Changes""PeopleğŸ˜¡It Makes Them TrustğŸ˜¤Less OverthinkğŸ˜ŒMore, And ShutğŸ˜·People Out.â€ @nikefootball @nikesportswear @nike #AlwaysNikeâœ” #Munguâ˜NaWanadamğŸ™âœ¨ @ Chyasal ANFA Football Stadium  https://t.co/orMtgvRXFV",en,"[{'screen_name': 'nikefootball', 'name': 'nike football', 'id': '41147159'}, {'screen_name': 'nike', 'name': 'nike', 'id': '415859364'}]",['https://www.instagram.com/p/B5qFTp_gp-e/?igshid=dgz9t4cb6ub2'],[],0,0,0,"['alwaysnike', 'mungu']",[],https://twitter.com/okeke_masimba/status/1202266378570518528,False,,0,,kathmandu,,,,,,[],,,,
1120861693335232512,1120861693335232512,2019-04-24 07:12:06 +0545,2019-04-24,07:12:06,+0545,1904301025,crimeindialive,Parminder Singh,"{'type': 'Point', 'coordinates': [27.69620125, 85.3329134]}","à¤•à¤­à¥€-à¤•à¤­à¥€ à¤²à¤—à¤¤à¤¾ à¤¹à¥ˆ à¤®à¥‡à¤°à¥€ à¤œà¤¿à¤‚à¤¦à¤—à¥€ à¤®à¥‡à¤‚ à¤œà¤¿à¤¤à¤¨à¥‡ à¤­à¥€ à¤¦à¥à¤– à¤¹à¥ˆà¤‚, à¤µà¥‹ à¤¸à¤¬ à¤­à¤—à¤µà¤¾à¤¨ à¤µà¤¾à¤²à¤¾ à¤®à¥ˆà¤¸à¥‡à¤œ 10 à¤²à¥‹à¤—à¥‹à¤‚ à¤•à¥‹ à¤«à¥‰à¤°à¤µà¤°à¥à¤¡ à¤¨à¤¾ à¤•à¤°à¤¨à¥‡ à¤¸à¥‡ à¤¹à¥€ à¤†à¤¯à¥‡ à¤¹à¥ˆà¤‚â€¦.ğŸ˜·ğŸ˜·ğŸ˜‚ğŸ˜‚ğŸ˜‚ @ Mount Everest Base Camp  https://t.co/5Hficai65e",hi,[],['https://www.instagram.com/sidhikart_com/p/Bwnqv3UgPb5/?igshid=g9zdsqifqi16'],[],0,0,1,[],[],https://twitter.com/crimeindialive/status/1120861693335232512,False,,0,,kathmandu,,,,,,[],,,,
1113775243989004288,1113775243989004288,2019-04-04 17:53:05 +0545,2019-04-04,17:53:05,+0545,2659205018,fuckfeeeeelings,Fuckkkkkkk Feelings,"{'type': 'Point', 'coordinates': [27.575228, 85.31015273]}","à¤¸à¤¾à¤¥ à¤šà¤¾à¤¹à¤¿à¤¦à¥ˆà¤¨ à¤°à¥‡ à¤•à¤¸à¥ˆà¤•à¥‹...ğŸ˜· à¤¹à¤¾à¤¤ à¤šà¤¾à¤¹à¤¿à¤¦à¥ˆà¤¨ à¤°à¥‡..âœ‹ à¤¨à¤¬à¥‹à¤²à¤¾à¤ à¤¬à¤¾à¤²!!! à¤¬à¥‹à¤²à¤¾à¤'à¤¨à¤¿ à¤†à¤‰à¤¦à¥ˆà¤¨ à¤°à¥‡ ..ğŸ˜‘  à¤¤à¤°, à¤¹à¤°à¥‡à¤¶ à¤–à¤¾'à¤•à¥‹ à¤¹à¥‹à¤‡à¤¨,ğŸ˜¶ à¤¤à¤ à¤œà¤¸à¥à¤¤à¥‹ à¤¨à¤ªà¤¾'à¤•à¥‹ à¤›à¥ˆà¤¨,ğŸ˜¤ à¤«à¤¾à¤²à¤¾ à¤«à¤¾à¤² à¤›à¤¨à¥ à¤¶à¥à¤¯à¤¾à¤²à¤¹à¤°à¥ ,ğŸ˜  à¤œà¤¾ à¤¤à¥à¤¯à¥ˆ à¤¸à¤™à¥à¤— !! à¤¤à¤ à¤†à¤‰à¤¨à¥ à¤ªà¤°à¥à¤¦à¥ˆà¤¨â€¦  https://t.co/Aq6xXw8g6J",ne,[],['https://www.instagram.com/p/Bv1UM5aHZuP/?utm_source=ig_twitter_share&igshid=vwlzf64zv94g'],[],0,0,2,[],[],https://twitter.com/fuckfeeeeelings/status/1113775243989004288,False,,0,,kathmandu,,,,,,[],,,,
1063970491637977090,1063970491637977090,2018-11-18 07:26:47 +0545,2018-11-18,07:26:47,+0545,2787144360,nepalplanettrek,Visit Nepal 2021/2022 - Lifetime Experience,"{'type': 'Point', 'coordinates': [27.71596, 85.3119]}","Trek is coming to an end, going to miss these views...but not the frigid temperatures nor the Khumbu Cough ğŸ¤§ğŸ˜· Photo from ekampelman  #nepal #Nepaltheplanet #everestbasecamp #Everestâ€¦  https://t.co/N8ovbL5Xu3",en,[],['https://www.instagram.com/p/BqTbnW3HXVd/?utm_source=ig_twitter_share&igshid=8yvkkacjbt19'],[],0,0,0,"['nepal', 'nepaltheplanet', 'everestbasecamp', 'everest']",[],https://twitter.com/nepalplanettrek/status/1063970491637977090,False,,0,,kathmandu,,,,,,[],,,,
1061258826710745088,1061258826710745088,2018-11-10 19:51:36 +0545,2018-11-10,19:51:36,+0545,365266952,puncoznepal,ğ“Ÿğ“¾ğ“·ğ“¬ğ“¸ğ”ƒ ğŸ‡³ğŸ‡µ,"{'type': 'Point', 'coordinates': [27.66519024, 85.33263445]}",Look what we have done to our beautiful city ğŸ˜·ğŸ˜·ğŸ˜¢â˜¹ï¸ğŸ˜·. #dirtmandu #pollution #hardtolive #dangerous   #mobileshot @ Dalchoki Home Stay  https://t.co/6lAI7UKoPA,en,[],['https://www.instagram.com/p/BqAKfJynPioq-dhLHNqe2ErFKhj7K7M-a8s3Ek0/?utm_source=ig_twitter_share&igshid=m9qk9xlnn087'],[],0,0,1,"['dirtmandu', 'pollution', 'hardtolive', 'dangerous', 'mobileshot']",[],https://twitter.com/PuncozNepal/status/1061258826710745088,False,,0,,kathmandu,,,,,,[],,,,
1034790535116943360,1034790535116943360,2018-08-29 18:56:03 +0545,2018-08-29,18:56:03,+0545,3220201344,theaaryaveer64,ğ˜¼ğ™–ğ™§ğ™®ğ™–ğ™«ğ™šğ™šğ™§ ã‚·ï¸,"{'type': 'Point', 'coordinates': [27.7036655, 85.32666072]}","You don't really know anyone genuinely, unless you say a ""NO"" to them ğŸ˜·ğŸ˜· @ Kalikasthan Dillibazar  https://t.co/Yw8k1961kv",en,[],['https://www.instagram.com/p/BnEGG8-nFfo/?utm_source=ig_twitter_share&igshid=ep824axjav0b'],[],0,0,0,[],[],https://twitter.com/theaaryaveer64/status/1034790535116943360,False,,0,,kathmandu,,,,,,[],,,,
905673909466316800,905673909466316800,2017-09-07 11:52:41 +0545,2017-09-07,11:52:41,+0545,22987203,gadha,Abhinav Gautam,"{'type': 'Point', 'coordinates': [27.69982037, 85.35651571]}","Nepal: get showered, go out, get covered in dust and pollutionâ€¦next time I am brining a mask! ğŸ˜·",en,[],[],[],0,0,0,[],[],https://twitter.com/gadha/status/905673909466316800,False,,0,,kathmandu,,,,,,[],,,,
903657970566930432,903657970566930432,2017-09-01 22:22:03 +0545,2017-09-01,22:22:03,+0545,739257724924370944,prabesh576,(PrA-Bess pAudEl),"{'type': 'Point', 'coordinates': [27.7167, 85.3667]}","Sometimes a fake smile can also deserves to live ğŸ˜·ğŸ˜·.. @ Baudha, Nepal  https://t.co/Fe1dv54tnA",en,[],['https://www.instagram.com/p/BYgV7ZeFqBe/'],[],0,0,2,[],[],https://twitter.com/prabesh576/status/903657970566930432,False,,0,,kathmandu,,,,,,[],,,,
903232630853746689,903232630853746689,2017-08-31 18:11:55 +0545,2017-08-31,18:11:55,+0545,85015668,sagardevlakhe,Sagar Dev Lakhe,"{'type': 'Point', 'coordinates': [27.69565719, 85.27887608]}",Chocolate ğŸ« and style of eating ğŸ˜°who cares ? ğŸ˜·ğŸ˜¤ğŸ˜œ#daughterlove @ Saksham House Kalanki  https://t.co/MZW8KdBOx7,en,[],['https://www.instagram.com/p/BYdUgTCBAh4/'],[],0,0,0,['daughterlove'],[],https://twitter.com/sagardevlakhe/status/903232630853746689,False,,0,,kathmandu,,,,,,[],,,,
902100032358363139,902100032358363139,2017-08-28 15:11:22 +0545,2017-08-28,15:11:22,+0545,2525061804,lazzjover,Nirajan,"{'type': 'Point', 'coordinates': [27.66782353, 85.33398955]}","Well well well, who we have today... ğŸ˜· #lazzjover #visitor #patient #checkup #medical #pharmacyâ€¦  https://t.co/nhTnzmRBny",en,[],['https://www.instagram.com/p/BYVRdBuAKd6/'],[],0,0,0,"['lazzjover', 'visitor', 'patient', 'checkup', 'medical', 'pharmacy']",[],https://twitter.com/lazzjover/status/902100032358363139,False,,0,,kathmandu,,,,,,[],,,,
901110695592304641,901110695592304641,2017-08-25 21:40:06 +0545,2017-08-25,21:40:06,+0545,85015668,sagardevlakhe,Sagar Dev Lakhe,"{'type': 'Point', 'coordinates': [27.69565719, 85.27887608]}","Episode -3, serious training on Piano in her own way #daughterlove ğŸ˜‚ğŸ¤“ğŸ˜°ğŸ˜·ğŸ˜¥ğŸ˜´ @ Saksham House Kalanki  https://t.co/rOLZv6d1ss",en,[],['https://www.instagram.com/p/BYOPjpQh014/'],[],0,0,0,['daughterlove'],[],https://twitter.com/sagardevlakhe/status/901110695592304641,False,,0,,kathmandu,,,,,,[],,,,
860451814340272128,860451814340272128,2017-05-05 16:56:13 +0545,2017-05-05,16:56:13,+0545,196277936,luni_ba,à¤¦à¥‹à¤¸à¥à¤°à¥‹ à¤¦à¤°à¥à¤œà¤¾à¤•à¥€ LUNA,"{'type': 'Point', 'coordinates': [27.69859587, 85.32124727]}",ğŸ˜·ğŸ˜·ğŸ™ğŸ¼ğŸ™ğŸ¼ (@ Singha darbar gate)  https://t.co/55G68SbMMS  https://t.co/MRviKmyASG,hi,[],['https://www.swarmapp.com/c/hCjmrBnMSJN'],['https://pbs.twimg.com/media/C_DwXT_XcAAdABv.jpg'],0,0,1,[],[],https://twitter.com/luni_ba/status/860451814340272128,False,,1,https://pbs.twimg.com/media/C_DwXT_XcAAdABv.jpg,kathmandu,,,,,,[],,,,
838615853297987585,838615853297987585,2017-03-06 10:47:54 +0545,2017-03-06,10:47:54,+0545,451238456,madhav_neu,Madhav Neupane (Nabin),"{'type': 'Point', 'coordinates': [27.69296296, 85.28122477]}",à¤†à¤œà¤•à¤² à¤¤ à¤®à¤¾à¤¸à¥à¤•ğŸ˜·ğŸ˜« à¤–à¥‹à¤²à¥‡à¤° à¤†à¤«à¥à¤¨à¥ˆ à¤¨à¤¾à¤• à¤›à¤¾à¤®à¥à¤¦à¤¾à¤¨à¥€ à¤…à¤œà¤¿à¤¬ à¤²à¤¾à¤—à¥à¤› à¤­à¤¨à¥à¤¯à¤¾â€¦  https://t.co/852yK95uo9,ne,[],['https://www.instagram.com/p/BRSMMlWFXUKFQJwDNTfj09PY6iufC4djY0oeqU0/'],[],0,0,0,[],[],https://twitter.com/madhav_neu/status/838615853297987585,False,,0,,kathmandu,,,,,,[],,,,
838307004284342277,838307004284342277,2017-03-05 14:20:39 +0545,2017-03-05,14:20:39,+0545,183205052,camla15,Camla Nyeshang,"{'type': 'Point', 'coordinates': [27.71201689, 85.30932069]}",ğŸ˜·ğŸ˜·ğŸ˜·ğŸ˜· @ Himalaya Kailash Travels And Tours  https://t.co/otviK0sH1H,en,[],['https://www.instagram.com/p/BRP_v6nl3Ibr6OUa2CoqlVAI8DUGsWkXkIC8uo0/'],[],0,0,0,[],[],https://twitter.com/Camla15/status/838307004284342277,False,,0,,kathmandu,,,,,,[],,,,
832618041355694081,832618041355694081,2017-02-17 21:34:45 +0545,2017-02-17,21:34:45,+0545,836076686,pranavrajregmi,Pranav Raj Regmi,"{'type': 'Point', 'coordinates': [27.69483124, 85.32140271]}",#Let_Me_Breathe ğŸ˜· #à¤¸à¤¾à¤¸_à¤«à¥‡à¤°à¥à¤¨_à¤¦à¥‡à¤‰  ğŸ˜· Please join This GroupTo take aâ€¦  https://t.co/GM6U3BjnvQ,en,[],['https://www.instagram.com/p/BQnktioAxve6d258YzcqZT8BpR3OGykFHugZrk0/'],[],0,0,0,"['let_me_breathe', 'à¤¸à¤¾à¤¸_à¤«à¥‡à¤°à¥à¤¨_à¤¦à¥‡à¤‰']",[],https://twitter.com/PranavRajRegmi/status/832618041355694081,False,,0,,kathmandu,,,,,,[],,,,
830004286591467520,830004286591467520,2017-02-10 16:28:37 +0545,2017-02-10,16:28:37,+0545,568224975,_rabink,random,"{'type': 'Point', 'coordinates': [27.6951618, 85.36637706]}",ğŸ˜· #TGIF @ Pepsicola Townplanning  https://t.co/o0d0RCXoQX,en,[],['https://www.instagram.com/p/BQVAHOEDTDwOFQJKzjyKLp8e9mq2BM-cTDXXjU0/'],[],0,0,0,['tgif'],[],https://twitter.com/_rabink/status/830004286591467520,False,,0,,kathmandu,,,,,,[],,,,
